NAME,PHONE,FAX,EMAIL,WEBSITE,RESTAURANT NAME,RESTAURANT ADDRESS,RESTAURANT CITY,RESTAURANT STATE,RESTAURANT ZIPCODE,RESTAURANT COUNTRY,RESTAURANT CATEGORY
"Cen-Tex Subway, Inc.",(409) 823-3147,,,,Subway,100 N Main St,Bryan,TX,77803,US,New Category
Taylor Braedon Corp.,          ,,,,Must Be Heaven,100 S Main St,Bryan,TX,77803,US,New Category
J Concepcion Mendez,          ,,,,Raspas El Payasito,1005 S Coulter Dr,Bryan,TX,77803,US,New Category
"Harvest Java Bar #001, Llc",(480) 789-2159,,,,"Harvest Java Bar #001, Llc",101 N Main St,Bryan,TX,77803,US,New Category
The Hispanic Forum Of Bryan-College Station,          ,,,,Hispanic Forum Of Bryan College Station,101 W 22Nd St,Bryan,TX,77803,US,New Category
"C&J Barbeque Market, Inc.",(979) 776-4817,,,,C&J Barbeque 2,1010A S Texas Ave,Bryan,TX,77803,US,New Category
Cari I Rice,          ,,,,Rockies,1016 S Texas Ave,Bryan,TX,77803,US,New Category
Keith D Mcdaniel,          ,,,,Kelumac Bed & Breakfast,10379 Taylor Rd,Bryan,TX,77808,US,New Category
Emiliano Ramos,          ,,,,Taqueria Laregiomontana,10401 Kurten Cemetery Rd,Bryan,TX,77808,US,New Category
"Patranella'S Bakery And Cafe, Llc",(979) 775-7751,,,,"Patranella'S Bakery And Cafe, Llc",106 N Parker Ave,Bryan,TX,77803,US,New Category
Roger T Sauseda And John Carlos Toledo,          ,,,,Good Times,106 W 23Rd St,Bryan,TX,77803,US,New Category
Luke Ruffino,(979) 229-3555,,,,Lukes Bartending Service,108 S Brewer Dr,Bryan,TX,77802,US,New Category
The Proudest Monkey Inc.,          ,,,,The Proudest Monkey,108 S Main St,Bryan,TX,77803,US,New Category
Lisa Cobb,(979) 218-2561,,,,Spring Creek Ranch Bed & Breakfast,10800 Spring Creek Ranch Rd,Bryan,TX,77807,US,New Category
"Murphy'S Law, Llc",          ,,,,Murphy'S Law Llc,109 N Main St,Bryan,TX,77803,US,New Category
Armando Herrera Gonzales,          ,,,,Taqueria Dos Laredos,1100 Turkey Creek Rd,Bryan,TX,77801,US,New Category
"Bryan Lodge No. 99 Home Association, Inc.",          ,,,,Bryan Lodge #99 Home Assoc Inc,1104 West William Joel Bryan Parkway,Bryan,TX,77803,US,New Category
Silvia Mireles,          ,,,,Silvia'S Roasted Corn,1109 Beck St,Bryan,TX,77803,US,New Category
Ramon Barajas,          ,,,,Taqueria La Perla,111 N Brazos Ave,Bryan,TX,77803,US,New Category
"Jj'S Snowcones, Llc",          ,,,,Jj'S Snowcones,1112 Briarcrest Dr,Bryan,TX,77802,US,New Category
Taylor Braedon Corp.,          ,,,,Must Be Heaven,1136 E Villa Maria Rd,Bryan,TX,77802,US,New Category
Juan Reyes Rodriguez,          ,,,,Amigos Mexican Deli,1138 Finfeather Rd,Bryan,TX,77803,US,New Category
"Bryan Commerce And Development, Incorporated",          ,,,,La Salle Hotel,120 Main St,Bryan,TX,77803,US,New Category
"Vineyard Spirits, Llc",(979) 822-2000,,,,Lasalle Hotel,120 S Main St,Bryan,TX,77803,US,New Category
"Magnolia Spirits Lasalle, Inc.",          ,,,,Lasalle Hotel,120 S Main St,Bryan,TX,77803,US,New Category
"Jeff Harmon Entertainment Group, Llc",(979) 823-6174,,,,Halo,121 N Main St,Bryan,TX,77803,US,New Category
J Concepcion Mendez,          ,,,,Taqueria Rio Verde,1210 Antone St,Bryan,TX,77803,US,New Category
Esteban Espinoza,          ,,,,Tacos Las Rosas,1225 W 27Th St,Bryan,TX,77803,US,New Category
Jose E Sanchez,(979) 422-8873,,,,El Taconazo Veloz Taqueria,1296 N Harvey Mitchell Pkwy,Bryan,TX,77803,US,New Category
Rudolfo Valadez,          ,,,,El Vale,1305 W Wm J Bryan Pkwy # 300,Bryan,TX,77803,US,New Category
Fernando Cruz,          ,,,,Cruz Rojos Restaurant,1305 W Wm J Bryan Pkwy Ste 500,Bryan,TX,77803,US,New Category
Veronica Dawn Tussey,          ,,,,Hawg Haven Saloon,1310 Sandy Point Rd,Bryan,TX,77803,US,New Category
Jose O Castillo,          ,,,,Little Joe'S Saloon,1310 Sandy Point Rd,Bryan,TX,77803,US,New Category
Margarita Ponce Castaneda,          ,,,,Maggie'S Taqueria,1311 S Texas Ave,Bryan,TX,77803,US,New Category
Nora Milagros Rosales,          ,,,,Canana'S Night Club,1313 S College Ave,Bryan,TX,77801,US,New Category
Carlos Ponce,          ,,,,Canana'S Nightclub,1313 S College Ave,Bryan,TX,77801,US,New Category
Jose Guadalupe Rios,          ,,,,Taqueria Rios,1314 San Jacinto Ln,Bryan,TX,77803,US,New Category
"Lmark Food Services, Inc.",(979) 779-8625,,,,Mi Pueblito Mexican Restaurant,1315 S College Ave,Bryan,TX,77801,US,New Category
Polly A Martinez,          ,,,,Mi Cocina Restaurant,1411 San Jacinto Ave,Bryan,TX,77803,US,New Category
Cheryl W Butler,          ,,,,Butler'S Soul Food,1416 Groesbeck St,Bryan,TX,77803,US,New Category
Jose Lara D Rodriguez,          ,,,,Taqueria La Abuelita,1418 Groesbeck St,Bryan,TX,77803,US,New Category
Yolanda Rena Nowlin,          ,,,,Club Nice,1501 W Wm J Bryan Pkwy,Bryan,TX,77803,US,New Category
"2818 Wings West, Inc.",(979) 779-7479,,,,Wings N More Express Drive Thru,1561 W Villa Maria Rd,Bryan,TX,77807,US,New Category
Ibarra'S Promotions Llc,(979) 778-4728,,,,Grahams Night Club,1600B S College Ave,Bryan,TX,77801,US,New Category
Juan M Cruz,          ,,,,Club El Tropicana,1601 Groesbeck St,Bryan,TX,77803,US,New Category
"Lavaston Foods, Llc",          ,,,,Papa John'S #4080,1601 N Texas Ave Ste 120,Bryan,TX,77803,US,New Category
"La Jerezana Food Services, Inc.",          ,,,,Coco Loco Sinaloense,1601 S Texas Ave,Bryan,TX,77802,US,New Category
Jesus Triana And Jose A Arredondo,          ,,,,La Carreta Mexican Grill,1605 San Jacinto Ln,Bryan,TX,77803,US,New Category
"Smith Dairy Queens, Ltd.",          ,,,,Dairy Queen #1,1609 I H 10 W,Bryan,TX,78155,US,New Category
"Bryan'S Ocean Buffet, Inc.",(580) 747-3183,,,,"Bryan'S Ocean Buffet, Inc.",1701 S Texas Ave,Bryan,TX,77802,US,New Category
Holy Smoke Bbq And Catering,          ,,,,Holy Smoke Bbq And Catering,1704 Gray Stone Dr,Bryan,TX,77807,US,New Category
Larry Wayne Eimann,          ,,,,Chap'S Place,1711 Highway 21 W,Bryan,TX,77803,US,New Category
Alireza Ghavami,          ,,,,Bryan Fat Burger,1801 S Texas Ave,Bryan,TX,77802,US,New Category
Markey Ford Beilue,          ,,,,Brazos City Grill,1805 Briarcrest Dr,Bryan,TX,77802,US,New Category
Taqueria Arandas No. 16 Inc.,          ,,,,Taqueria Arandas #16,1816 S Texas Ave,Bryan,TX,77802,US,New Category
"Boonville Road Hotel, Lp",          ,,,,Best Western Atrea At Old Town Center,1920 Austins Colony Pkwy,Bryan,TX,77802,US,New Category
"Papa Perez Mexican Cuisine, Inc.",          ,,,,"Papa Perez Mexican Cuisine, Inc.",200 S Main St,Bryan,TX,77803,US,New Category
Martha Alicia Sanchez,          ,,,,Elotes Cristo Rey,2001 Highway 21 E,Bryan,TX,77803,US,New Category
"Nothing-Comes-Easy, Llc",          ,,,,Cici'S Pizza,2003 S Texas Ave,Bryan,TX,77802,US,New Category
"Mardan, Inc.",          ,,,,Sikorski'S Place,2004 Highway 21 W,Bryan,TX,77803,US,New Category
"M. W. W. & Co., Inc.",          ,,,,Ptarmigan Club,2005 S College Ave,Bryan,TX,77801,US,New Category
"Longhorn Tavern Steakhouse, Inc.",          ,,,,Longhorn Tavern Steakhouse,201 E 24Th St,Bryan,TX,77803,US,New Category
"Whatta Food & Beverage Company, Inc.",(409) 696-7562,,,,Mr G'S Trattoria,201 W 26Th St 'A',Bryan,TX,77803,US,New Category
Joanne Kozik,          ,,,,Kozi Kitchen,2010 S College Ave,Bryan,TX,77801,US,New Category
"The Feed Barn, Llc",(979) 822-9488,,,,The Feed Barn Llc,2017 Fountain Ave,Bryan,TX,77801,US,New Category
"Peter And Tara, Inc.",          ,,,,Madden'S Casual Gourmet,202 S Bryan Ave,Bryan,TX,77803,US,New Category
"Amico Nave, Lp",(979) 676-0300,,,,Amico Nave Ristorante,203 E Villa Maria Rd,Bryan,TX,77801,US,New Category
Francisco V Vargas,          ,,,,Mi Illusion,204 W 16Th St,Bryan,TX,77803,US,New Category
"Smith Dairy Queens, Ltd.",          ,,,,Dairy Queen #2,205 N Texas Ave,Bryan,TX,77803,US,New Category
Gloria I Baldridge,          ,,,,Fire & Ice,2054 E 29Th St,Bryan,TX,77802,US,New Category
"Shipwreck Grill, Lp",(713) 515-2223,,,,"Shipwreck Grill, Llc",206 E Villa Maria Rd,Bryan,TX,77801,US,New Category
"Downtown Uncorked, Llc",          ,,,,Downtown Uncorked,206 W 26Th St,Bryan,TX,77803,US,New Category
Darrell E Marek,          ,,,,Live Crawfish College Station,2060 Gopher Ln,Bryan,TX,77808,US,New Category
Octavia Torres,          ,,,,La Pasadita,207 Kosarek St,Bryan,TX,77803,US,New Category
Gladys M Pineta Castro,          ,,,,El Grano De Oro #1,210 San Jacinto Ln,Bryan,TX,77803,US,New Category
"La Espiga Dorada Bakery, Inc",          ,,,,La Espiga Dorada Bakery,210 W Martin Luther King Jr St,Bryan,TX,77803,US,New Category
"Evergreen Interest, Ltd.",          ,,,,Shipley Donuts,210 W Villa Maria,Bryan,TX,77802,US,New Category
Rola Cerone,(979) 289-4044,,,,Revolution,211B S Main St,Bryan,TX,77803,US,New Category
Rogelio Nieto Cruz,          ,,,,El Nopalito,216 W Martin Luther King Jr St,Bryan,TX,77803,US,New Category
Earl A Wurzbach,          ,,,,Mcdonald'S #13249,2200 Briarcrest Dr,Bryan,TX,77802,US,New Category
Elida Reyes,          ,,,,Ely'S Yaqueria,2208 Finfeather Rd,Bryan,TX,77801,US,New Category
Craig Hall,          ,,,,Chic-Fil-A At Bryan,2210 Briarcrest Dr,Bryan,TX,77802,US,New Category
"Delicious Mexican Restaurant, Llc",          ,,,,La Botana Mexican Restaurant,2210 E Wm J Bryan Pkwy,Bryan,TX,77802,US,New Category
"Mac Pizza Management, Inc.",          ,,,,Domino'S Pizza #29,2211 E William J Bryan Pkwy,Bryan,TX,77802,US,New Category
Renae Morales,          ,,,,The Skin City Dancers,2216B Young Pl,Bryan,TX,77807,US,New Category
"Rami'S Entertainment Group, Inc.",(409) 696-7562,,,,Cafe Capri,222 N Main St,Bryan,TX,77803,US,New Category
"Trapani'S Little Caesars, Inc.",          ,,,,Little Caesars,2290 Boonville Rd Ste 900,Bryan,TX,77808,US,New Category
"Spoons Yogurt Of Bryan, Llc",(512) 535-4883,,,,"Spoons Yogurt Of Bryan, Llc",2305 Boonville Rd Ste 100,Bryan,TX,77808,US,New Category
Xiao Bo Inc,(832) 860-1886,,,,T Jin China Diner # 2,2305 Boonville Rd Ste 650,Bryan,TX,77808,US,New Category
"Cen-Tex Subway, Inc.",          ,,,,Subway,2305 Boonville Rd Ste 750,Bryan,TX,77808,US,New Category
"Ddbv, Ltd.",          ,,,,Doubledave'S Pizzaworks,2305 Boonville Rd Ste 900,Bryan,TX,77808,US,New Category
K.C. Crawfish Llc,(979) 219-0135,,,,K.C. Crawfish Llc,2311 S Pioneer Trl,Bryan,TX,77808,US,New Category
Kenneth W Watford & Roy L Lewis,          ,,,,Sonic Drive-In Bryan #2,2400 Briarcrest Dr,Bryan,TX,77802,US,New Category
Gloria Barron,          ,,,,El Charro,2405 Northside Dr,Bryan,TX,77803,US,New Category
Perry Molett,          ,,,,Off The Bone Bar B Que,2408 Hardwood Dr,Bryan,TX,77803,US,New Category
Suzanne K Rhomberg & Edward J Rhomberg,          ,,,,Gourmet Delights,2409 Briargate Dr,Bryan,TX,77802,US,New Category
"Geg Productions, Llc",(979) 778-9101,,,,"Geg Productions, Llc",2409 Highway 21 E,Bryan,TX,77803,US,New Category
"Cabana Beverages, Inc.",          ,,,,Cabana Beverages Inc,2410 Briarcrest Dr,Bryan,TX,77802,US,New Category
"Texas Taco Cabana, L.P.",          ,,,,Taco Cabana #314,2410 Briarcrest Dr,Bryan,TX,77802,US,New Category
"Kolkhorst Foods, Llc",          ,,,,Burger King,2410 E 29Th St,Bryan,TX,77802,US,New Category
Corkran Llc,          ,,,,The Maui Wowi At Blinn College,2423 Blinn Blvd,Bryan,TX,77802,US,New Category
Carolyn Williams,          ,,,,Five Star Catering,2506 Pecan Ridge Dr,Bryan,TX,77802,US,New Category
"21 Wings, Inc.",          ,,,,Wings N More,2612 Highway 21 E,Bryan,TX,77803,US,New Category
"B V K R, Inc.",          ,,,,Kettle Restaurant #137,2712 S Texas Ave,Bryan,TX,77802,US,New Category
Laresha L Williams,          ,,,,Sweet Stuff,2716 Allen Forest Dr,Bryan,TX,77803,US,New Category
"Kolkhorst Foods, Llc",          ,,,,Burger King,2802 Highway 21 E,Bryan,TX,77803,US,New Category
Danna R Dyess,          ,,,,Snow Ball Factory,2814 Cherry Creek Cir,Bryan,TX,77802,US,New Category
"Mamel, Llc",(979) 775-0494,,,,The Cowboy,2820 Finfeather Rd,Bryan,TX,77801,US,New Category
"Ndn Partners, Llc",          ,,,,Denny'S,2890 N Harvey Mitchell Pkwy,Bryan,TX,77807,US,New Category
"J & D Restaurant Group, Llc",(979) 775-7103,,,,Jack In The Box #675,2906 S Texas Ave,Bryan,TX,77802,US,New Category
"Mcdonald'S Restaurants Of Texas, Inc.",          ,,,,Mcdonald'S #4589,2930 E Hwy 21,Bryan,TX,77803,US,New Category
"Casa Rod, Inc.",          ,,,,Casa Rodriguez Mexican Restaurant,300 N Bryan Ave,Bryan,TX,77803,US,New Category
Melissa Serna,(979) 822-9192,,,,Yole'S La Familia Taqueria,300 N Texas Ave,Bryan,TX,77803,US,New Category
"Supreme Bright Bryan, Llc",(214) 774-4650,,,,"Supreme Bright Byran, Llc",3000 Plaza Centre Ct,Bryan,TX,77802,US,New Category
"Smith Dairy Queens, Ltd.",          ,,,,Dairy Queen #6,3003 E State Highway 21,Bryan,TX,77803,US,New Category
John Wesley Harper,          ,,,,Harps,3006 N Texas Ave,Bryan,TX,77803,US,New Category
"Rick Highfield Consulting, Llc",          ,,,,Wheels,3006 N Texas Ave,Bryan,TX,77803,US,New Category
Jose S Rivera,          ,,,,Dos Amigos Fresh Mexican Food,3007 Georgia Ave,Bryan,TX,77803,US,New Category
B P O E Brazos Valley 859,          ,,,,B P O E Bryan #859,304 Mobile Ave,Bryan,TX,77801,US,New Category
Long Branch Investment Company,          ,,,,The Lemon Wedge,308 N Main St,Bryan,TX,77803,US,New Category
The Lemon Wedge Llc,(979) 703-4052,,,,The Lemon Wedge Llc,308 N Main St,Bryan,TX,77803,US,New Category
Robert B Van Brunt,          ,,,,Hot Dogs Etc,310 N Texas Ave,Bryan,TX,77803,US,New Category
Ali Farasat,(979) 822-4444,,,,Zand'S Persian Kebabs,3105 S Texas Ave Ste 300,Bryan,TX,77802,US,New Category
Xian Ting Cao,          ,,,,Chef Cao'S Chinese Restaurant Ii,3105 S Texas Ave Ste 500,Bryan,TX,77802,US,New Category
"G.M. Maclindon Foods, Inc.",          ,,,,Carter'S Burgers Across Texas,3105 S Texas Ave Ste 700,Bryan,TX,77802,US,New Category
Whataburger Restaurants Llc,          ,,,,Whataburger #956,3109 S Texas Ave,Bryan,TX,77802,US,New Category
"Cbocs Texas, Llc",          ,,,,Cracker Barrel Old Country Store #676,3110 Briarcrest Dr,Bryan,TX,77802,US,New Category
Thakor Growth Llc,          ,,,,Brazos Inn,3113 Highway 21 E,Bryan,TX,77803,US,New Category
Jeff Harris,          ,,,,Frost Bites,3117 Starlight Dr,Bryan,TX,77808,US,New Category
"Smith Dairy Queens, Ltd.",          ,,,,Dairy Queen #3,312 Villa Maria,Bryan,TX,77802,US,New Category
"Rrr Beverages, Llc",          ,,,,"Rrr Beverages, Llc",3131 Club Dr,Bryan,TX,77807,US,New Category
Heart Of Texas Pizza Lp,          ,,,,Pizza Hut,3141 Briarcrest Dr Ste 526,Bryan,TX,77802,US,New Category
Howard Henry Davenport Sr,          ,,,,Howard'S Jr.,315 Legion Ct,Bryan,TX,77803,US,New Category
James R Hawkins & Laverne H Young-Hawkins,          ,,,,James' Studio 59,318 N Main St,Bryan,TX,77803,US,New Category
Billy R Wager,          ,,,,Margie'S Bar & Grill,320 N Main St,Bryan,TX,77803,US,New Category
Casa Hospitality Corp.,          ,,,,Casa Ole No 57,3201 Freedom Blvd,Bryan,TX,77802,US,New Category
"Quality Mexican Restaurants, Inc.",          ,,,,Casa Ole Restaurant #57,3201 Freedom Blvd,Bryan,TX,77802,US,New Category
Dragon One Restaurant Inc,(646) 287-6098,,,,Dragon One Restaurant Inc,3203 Freedom Blvd Ste 700,Bryan,TX,77802,US,New Category
"Ct Restaurants, L.P.",          ,,,,Church'S Chicken #295,3207 S Texas Ave,Bryan,TX,77802,US,New Category
"Kd Foods Enterprises, Inc.",          ,,,,Long John Silver #11,3224 S Texas Ave,Bryan,TX,77802,US,New Category
"Epr Bryan, Inc.",(512) 339-7300,,,,El Pollo Rico #8,3227 S Texas Ave,Bryan,TX,77802,US,New Category
"M & W Restaurants, Inc.",          ,,,,Ken Martin'S Steak House,3231 E 29Th St,Bryan,TX,77802,US,New Category
"Rrr Beverages, Llc",(979) 779-1007,,,,"Rrr Beverages, Llc",3249 Founders Dr,Bryan,TX,77807,US,New Category
"Evergreen Interest, Ltd.",          ,,,,Shipley Donuts,3301 Wildflower Ste 101,Bryan,TX,77802,US,New Category
Ok Nam Chung,          ,,,,Burger House,3310 S College Ave,Bryan,TX,77801,US,New Category
Jesus G Ocana,          ,,,,Jesse'S Taqueria & Bakery,3310A E 29Th St,Bryan,TX,77802,US,New Category
"M & W Restaurants, Inc.",          ,,,,Pepe #1,3312 S College Ave,Bryan,TX,77801,US,New Category
"Dewitt Hospitality, Inc.",          ,,,,Kentucky Fried Chicken,3321 S Texas Ave,Bryan,TX,77802,US,New Category
Steven M Kapchinskie,          ,,,,Martins Place,3403 S College Ave,Bryan,TX,77801,US,New Category
"21 Wings, Inc.",(281) 597-8111,,,,Wings 'N More,3404 Highway 21 E,Bryan,TX,77808,US,New Category
Church Street Smokehouse Llc,          ,,,,Carney'S Pub,3410 S College Ave,Bryan,TX,77801,US,New Category
Steven D Sodolak,          ,,,,Beefmasters,3500 Highway 21 E,Bryan,TX,77808,US,New Category
"Austaco, Ltd.",          ,,,,Taco Bell #18545,3501 E 29Th St,Bryan,TX,77802,US,New Category
"Smith Dairy Queens, Ltd.",          ,,,,Dairy Queen #5,3507 E 29Th St,Bryan,TX,77802,US,New Category
"Cen-Tex Subway, Inc.",          ,,,,Subway,3601 E 29Th St Ste 4,Bryan,TX,77802,US,New Category
"Ganter Oil Co., Inc.",          ,,,,Chicken Oil Company,3606 S College Ave,Bryan,TX,77801,US,New Category
"Dixie Chicken, Inc.",          ,,,,Cold River Trading Co,3606 S College Ave,Bryan,TX,77801,US,New Category
"Ls Hotel, Llc",(979) 846-4384,,,,"Ls Hotel, Llc",3608 E 29Th St Ste 100,Bryan,TX,77802,US,New Category
"J. Cody'S Restaurants, L.P.",          ,,,,J Codys,3610 S College Ave,Bryan,TX,77801,US,New Category
"Ronin Cooking, Llc",          ,,,,"Ronin Cooking, Llc",363 Creekside Dr,Bryan,TX,77807,US,New Category
Alfonso Gonzalez,          ,,,,La Riviera Restaurant & Bakery,3700 S Texas Ave Ste 300,Bryan,TX,77802,US,New Category
"Mcgee Services, Llc",(979) 595-1100,,,,"Mcgee Services, Llc",3700 S Texas Ave Ste 550,Bryan,TX,77802,US,New Category
Yoyoza Inc.,          ,,,,Lanna Thai Restaurant,3700 S Texas Ave Ste 900,Bryan,TX,77802,US,New Category
"Mels Place, Llc",          ,,,,Mels Place,3796 Tabor Rd,Bryan,TX,77808,US,New Category
Rhonda Kay White,(979) 268-6724,,,,Oh-My-Soul Cookies & Cakes,3809 Oak Ridge Dr,Bryan,TX,77802,US,New Category
Jose C. Montemayor Enterprises Inc.,          ,,,,Jose'S Restaurnat,3824 S Texas Ave,Bryan,TX,77802,US,New Category
Frittella Llc,          ,,,,Frittella,3901 S Texas Ave,Bryan,TX,77802,US,New Category
Andres Hernandez Bermudez,          ,,,,El Gallito De Jalisco Mexican Restaurant,4001 E 29Th St Ste 106,Bryan,TX,77802,US,New Category
"C S C Food Services, Inc.",          ,,,,Lakeview Club,4004 Fm 974,Bryan,TX,77808,US,New Category
"Cjr Lucky, Inc.",          ,,,,Chicken Express,401 S Texas Ave,Bryan,TX,77803,US,New Category
Maria G Cortez,          ,,,,Maria'S Tamale Factory,403 Eden Ln,Bryan,TX,77803,US,New Category
Pete Carlos Jr,          ,,,,Pop A Top,408 N Bryan Ave,Bryan,TX,77803,US,New Category
Martha Sanchez & Jose Sanchez,          ,,,,Restaurant San Jose Mexican Food,414 N Main St,Bryan,TX,77803,US,New Category
Heart Of Texas Pizza Lp,          ,,,,Pizza Hut,4207 Wellborn Rd,Bryan,TX,77801,US,New Category
Cynthia A Rogers,(979) 774-9946,,,,Daylight Donuts Of Bryan,4282 Boonville Rd Ste 100,Bryan,TX,77802,US,New Category
"Luby'S Fuddruckers Restaurants, Llc",          ,,,,Luby'S Cafeteria #47,4401 S Texas Ave,Bryan,TX,77802,US,New Category
"Bmsn Ventures, Llc",(956) 251-4840,,,,Bottoms Up,4405 College Main St # B,Bryan,TX,77801,US,New Category
Mitchel Truman Siegert,(979) 574-0033,,,,Truman Chocolates,4407 S Texas Ave,Bryan,TX,77802,US,New Category
"M. W. W. & Co., Inc.",          ,,,,Yesterdays,4421 S Texas Ave,Bryan,TX,77802,US,New Category
Earl A Wurzbach,(979) 823-2150,,,,Mcdonald'S #422586,451 N Harvey Mitchell Pkwy,Bryan,TX,77807,US,New Category
"Cakes By Jocelyn, Llc",          ,,,,Cakes By Jocelyn,4516 Kensington Rd,Bryan,TX,77802,US,New Category
Heritage Inn Number I. Limited Partnership,(409) 268-1552,,,,Bryan Fairfield Inn,4613 S Texas Ave,Bryan,TX,77802,US,New Category
"Aggieland Pizza, Inc.",          ,,,,"Aggieland Pizza, Inc.",4715 Heron Lakes Cir,Bryan,TX,77802,US,New Category
Susana Gongora,          ,,,,El Toro Cafe,500 N Sims Ave,Bryan,TX,77803,US,New Category
"Cheftopher, Inc.",          ,,,,Christopher'S World Grille,5001 Boonville Rd,Bryan,TX,77802,US,New Category
"Blc Hot Dogs, Inc.",          ,,,,Wienerschnitzel #255,501 S Texas Ave,Bryan,TX,77803,US,New Category
Angelica Hernandez,          ,,,,Billar El Tapatio,502 W Wm J Bryan Pkwy,Bryan,TX,77803,US,New Category
Viki Rosprim,(979) 823-5217,,,,Phil'S Fajitas,5051 Silver Oak Dr,Bryan,TX,77808,US,New Category
"L & R Bar-B-Que, Inc.",          ,,,,Buppy'S Catering,506 Sulphur Springs,Bryan,TX,77801,US,New Category
"Cen-Tex Subway, Inc.",          ,,,,Subway,507 N Harvey Mitchell Pkwy,Bryan,TX,77807,US,New Category
"Ct Restaurants, L.P.",          ,,,,Church'S Chicken #468,507 N Texas Ave,Bryan,TX,77803,US,New Category
"Fast Track Of Texas, Llc",(281) 451-6255,,,,"Fast Track Of Texas, Llc",509 N Harvey Mitchell Pkwy,Bryan,TX,77807,US,New Category
Hernandez Food Inc,(979) 820-2023,,,,Carniceria Y Taqueria La Perla Tapatia,510 W Wm J Bryan Pkwy,Bryan,TX,77803,US,New Category
Jose A Huerta,          ,,,,Huerta'S Taqueria,5300 N Texas Ave,Bryan,TX,77803,US,New Category
Amelia M Hilburn,          ,,,,A'S Bar & Grill,5809 E State Highway 21,Bryan,TX,77808,US,New Category
Bryan Breakfast Lions Club,          ,,,,Bryan Breakfast Lions Club,5827 Leonard Rd,Bryan,TX,77807,US,New Category
Starbucks Corporation,          ,,,,Starbucks Coffee # 10296,601 E Villa Maria Rd # 100,Bryan,TX,77802,US,New Category
Tommy G Durens,          ,,,,Shannon'S Catering,601 San Jacinto Ln,Bryan,TX,77803,US,New Category
Maria T Deleon,          ,,,,La Paloma Taqueria,608 Boulevard St,Bryan,TX,77803,US,New Category
Xiu Ying Zheng,(979) 779-2888,,,,China Wok Express,612 E Villa Maria Rd,Bryan,TX,77802,US,New Category
"Highpoint Development, Llc",          ,,,,Value Place Bryan,620 N Earl Rudder Fwy,Bryan,TX,77802,US,New Category
Scott Wilcox,          ,,,,Tabor Store Bar & Grill,6590 Fm 974,Bryan,TX,77808,US,New Category
Teresa E Garner,          ,,,,Smoken Joe'S,6868 W State Highway 21,Bryan,TX,77807,US,New Category
"Epicures Catering, Inc.",          ,,,,Epicures Catering,6960 Coyote Run,Bryan,TX,77808,US,New Category
"Mcdonald'S Restaurants Of Texas, Inc.",          ,,,,Mcdonald'S #4602,700 S Texas Ave,Bryan,TX,77803,US,New Category
Ollie R Hawkins,          ,,,,Green Hornet,704 San Jacinto Ln,Bryan,TX,77803,US,New Category
Francisco Rodriguez Melendez,(254) 371-3660,,,,Taqueria & Restaurant El Sol De Mexico,705 N Texas Ave,Bryan,TX,77803,US,New Category
Wayne R Blanford,          ,,,,The White House,706 San Jacinto Ln,Bryan,TX,77803,US,New Category
"Fargo'S Pit Bbq, Inc",(979) 378-3662,,,,"Fargo'S Pit Bbq, Inc",720 N Texas Ave,Bryan,TX,77803,US,New Category
"Cen-Tex Subway, Inc.",          ,,,,Subway,725 #900 E Villa Maria,Bryan,TX,77803,US,New Category
Gan En Si Inc,(832) 359-6160,,,,Shanghai Wok,725 E Villa Maria Rd,Bryan,TX,77802,US,New Category
Martin Cantero And Nadia Yamel Cantero-Flores,          ,,,,Los Molcajetes,725 E Villa Maria Rd Ste 100,Bryan,TX,77802,US,New Category
"Turnbull Conn, Llc",          ,,,,Papa Murphy'S #117,725 E Villa Maria Rd Ste 300,Bryan,TX,77802,US,New Category
Robert H Conaway Iii,          ,,,,Robert H Conaway Iii,735 Eagle Pass St Apt 9,Bryan,TX,77802,US,New Category
"Acg 3024, L.P.",(972) 423-3535,,,,Ihop,758 N Earl Rudder Fwy,Bryan,TX,77802,US,New Category
Lee Earl Sanders,          ,,,,Bcs Fish & Rib Drive In,800 San Jacinto Ln,Bryan,TX,77803,US,New Category
Rodney E Graves,          ,,,,Westside Bbq & Restaurant,800 San Jacinto Ln,Bryan,TX,77803,US,New Category
"Lc Bryan, Llc.",(832) 217-6598,,,,Little Caesars Pizza,801 Dellwood St # 200,Bryan,TX,77802,US,New Category
Sandra Cruz,          ,,,,Tacos La Morenita,809 Ash St,Bryan,TX,77803,US,New Category
Maria Teresa Ramirez,          ,,,,Catering Ramirez Rental,809 S Bryan Ave,Bryan,TX,77803,US,New Category
Joaquina Esquivel,          ,,,,Las Mexicanas Taqueria,810 W Wm J Bryan Pkwy,Bryan,TX,77803,US,New Category
"Preston Lakes, Llc",          ,,,,Lakeside Icehouse,8200 Sandy Point Rd,Bryan,TX,77807,US,New Category
Earl A Wurzbach,          ,,,,Mcdonald'S #4336,825 E Villa Maria Rd,Bryan,TX,77802,US,New Category
"G Deli, Lp",          ,,,,G Deli,8441 State Highway 47 Ste 1000,Bryan,TX,77807,US,New Category
"G Deli, Lp",(979) 778-9101,,,,G Java,8447 State Highway 47,Bryan,TX,77807,US,New Category
"Fast Track Of Texas, Llc",          ,,,,"Fast Track Of Texas, Llc",890 N Earl Rudder Fwy,Bryan,TX,77802,US,New Category
"Emerald Foods, Inc.",          ,,,,Wendy'S Old Fashioned Hamburgers # 38,891 N Earl Rudder Fwy,Bryan,TX,77802,US,New Category
"Haza Foods, Llc.",          ,,,,Wendy'S #28,891 N Earl Rudder Fwy,Bryan,TX,77802,US,New Category
"J & D Restaurant Group, Llc",(979) 731-8893,,,,Jack In The Box #3855,900 N Earl Rudder Fwy,Bryan,TX,77802,US,New Category
Whataburger Restaurants Llc,          ,,,,Whataburger #43,902 S Texas Ave,Bryan,TX,77803,US,New Category
Lisa K Auston,          ,,,,L & L Old Fashion Bar B Que,905 San Jacinto Ln,Bryan,TX,77803,US,New Category
"El Tio Investments, Inc.",          ,,,,El Tio Mexican Restaurant,911 N Bryan Ave,Bryan,TX,77803,US,New Category
Sonic Drive-In Bryan,          ,,,,Sonic Drive In Of Bryan Tx,914 S Texas Ave,Bryan,TX,77803,US,New Category
"Los Cucos Mexican Cafe Xxiv, Inc.",(979) 680-8894,,,,Los Cucos Mexican Cafe,920 N Earl Rudder Fwy,Bryan,TX,77802,US,New Category
"Austaco, Ltd.",          ,,,,Taco Bell #2310,920 S Tx Ave,Bryan,TX,77803,US,New Category
"Almarco Custard, Llc",          ,,,,Almarco Custard,930 N Earl Rudder Fwy,Bryan,TX,77802,US,New Category
"Jofi, Llc",          ,,,,Joe Fickey'S,9376 E State Highway 21,Bryan,TX,77808,US,New Category
"Cotton Patch Cafe, Inc.",          ,,,,Cotton Patch Cafe,940 N Earl Rudder Fwy,Bryan,TX,77802,US,New Category
Larry Winkler,(979) 268-7663,,,,Inn At Quarry Ridge,9401 Rust Ln,Bryan,TX,77808,US,New Category
"Cafe Bistro Bryan, Inc.",(432) 267-6450,,,,"Cafe Bistro Bryan, Inc.",950 N Earl Rudder Fwy,Bryan,TX,77802,US,New Category
"Kyle Legends I, L.P.",          ,,,,Hyatt Place Hotel,1100 University Dr E,College Station,TX,77840,US,New Category
"Cen-Tex Subway, Inc.",          ,,,,Subway,12815 Fm 2154 Rd Ste 100,College Station,TX,77845,US,New Category
"Acd Entertainment, Llc",          ,,,,Daisy Duke'S,217 University Dr,College Station,TX,77840,US,New Category
"G Deli, Lp",          ,,,,G Deli,3201 University Dr Ste 120,College Station,TX,77845,US,New Category
"La Soledad Food Services, Inc.",          ,,,,Mi Familia Coco Loco,3702 State Highway 6 S,College Station,TX,77845,US,New Category
Mongolian Dining Venture Ii Llc,          ,,,,Mongolian Dining Venture Ii Llc,700 University Dr E Ste 202,College Station,TX,77840,US,New Category
"Church Street Bbq, Inc.",(979) 268-0227,,,,Church Street Blues And Bbq,100 Church Ave,College Station,TX,77840,US,New Category
"The Saxton Group, Inc.",          ,,,,Mcalister'S Deli # 516,1006 University Dr E,College Station,TX,77840,US,New Category
"Texas Rodco, Inc.",          ,,,,Ninfa'S,1007 East Byp # 6,College Station,TX,77845,US,New Category
"Deluxe Burger Bar Of College Station, Inc.",          ,,,,Cafe Eccell,101 Church Ave,College Station,TX,77840,US,New Category
Earl A Wurzbach,          ,,,,Mcdonald'S #27186,101 Greens Prairie Rd,College Station,TX,77845,US,New Category
"1010 Udrive Partnership, Lp",          ,,,,Hawthorn Suites,1010 University Dr E,College Station,TX,77840,US,New Category
"Ccta, Inc.",          ,,,,La Bodega,102 Church Ave,College Station,TX,77840,US,New Category
Binh C Pham,          ,,,,Vy'S Kitchen Asian Cuisine,102 Live Oak St,College Station,TX,77840,US,New Category
Heart Of Texas Pizza Lp,          ,,,,Pizza Hut,102 University Dr E,College Station,TX,77840,US,New Category
O'Bannon'S Inc.,          ,,,,O'Bannon'S Taphouse,103 Boyett,College Station,TX,77843,US,New Category
"Acg 1375, L.P.",          ,,,,"Acg 1375, L.P.",103 College Ave,College Station,TX,77840,US,New Category
"Awful Good Restaurants, Llc",(214) 497-7463,,,,Sully'S Sports Grill And Bar,1037 Texas Ave S,College Station,TX,77840,US,New Category
"Antonio'S Pizza - Texas, Llc",          ,,,,"Pizza By The Slice, Llc",104 College Main,College Station,TX,77840,US,New Category
"Raising Canes Restaurants, Llc",          ,,,,Raising Canes #38,1045 Texas Ave S,College Station,TX,77840,US,New Category
Christopher T Harris,          ,,,,Big Dad'S Barbeque & Catering,10462 Lakefront Dr,College Station,TX,77845,US,New Category
Whataburger Restaurants Llc,          ,,,,Whataburger #78,105 Dominik Dr,College Station,TX,77840,US,New Category
Bird Of College Station Llc,(979) 460-8249,,,,Hungry Howie'S Pizza,105 Southwest Pkwy,College Station,TX,77840,US,New Category
"C&J Barbeque Market, Inc.",          ,,,,C&J Bar-B-Que Market,105 Southwest Pkwy Ste 100,College Station,TX,77840,US,New Category
Hussein M Sweidan,          ,,,,Hookah Station,106 College Main,College Station,TX,77840,US,New Category
"M.A.G. Systems, Inc.",          ,,,,Layne'S Of College Station,106 Walton Dr,College Station,TX,77840,US,New Category
"Brinker Texas, Inc.",          ,,,,Chili'S Grill & Bar #0235,1063 Texas Ave S,College Station,TX,77840,US,New Category
Schlotzsky'S Stores Llc,          ,,,,Schlotzsky'S Deli,107 College Ave,College Station,TX,77840,US,New Category
"Get Lucky, L.L.C.",(979) 412-5807,,,,Foundation Lounge,108 College Main,College Station,TX,77840,US,New Category
"Foundation Lounge, Llc",          ,,,,Foundation Lounge,108 College Main,College Station,TX,77840,US,New Category
"Concepts Unlimited, Llc",(979) 703-1804,,,,Fuego Tortilla Grill,108 Poplar St,College Station,TX,77840,US,New Category
Paddock Lane Inc.,          ,,,,Paddock Lane,109 Boyett St,College Station,TX,77840,US,New Category
Eric K Taylor,          ,,,,Leaning Tower Pizza,109 Walton Dr,College Station,TX,77840,US,New Category
"Si Mangia Bene, Inc",(979) 764-9500,,,,Primo Pizza,109 Walton Dr,College Station,TX,77840,US,New Category
"Riviera Rendezvous, Llc",          ,,,,Social Lounge,110 College Main,College Station,TX,77840,US,New Category
"Shiraz Shish Kabob, Llc",          ,,,,Shiraz Shish Kabob,110 Dominik Dr,College Station,TX,77840,US,New Category
Hes Family International Inc,(979) 691-8858,,,,Jin'S Asian Cafe,110 Nagle St,College Station,TX,77840,US,New Category
"Hpv-Vii, Lp",          ,,,,Papa John'S Pizza #403,1100 Harvey Rd Ste D,College Station,TX,77840,US,New Category
"Wolfies #6, Inc.",(936) 588-8200,,,,Wolfies Restaurants & Sports Bars,1102 Harvey Rd,College Station,TX,77840,US,New Category
"111 Enterprises, Llc",          ,,,,Gatsby'S,111 College Main,College Station,TX,77840,US,New Category
Earl A Wurzbach,(979) 693-3777,,,,Mcdonald'S #17309,111 George Bush Dr,College Station,TX,77840,US,New Category
Eta Gamma Chapter Of Delta Gamma,(979) 680-1550,,,,Eta Gamma Chapter Of Delta Gamma,1120 University Oaks Blvd,College Station,TX,77840,US,New Category
The Tipsy Turtle Inc.,          ,,,,The Tipsy Turtle,113 Boyett St,College Station,TX,77840,US,New Category
James Sang Lee,          ,,,,Kyoto Sushi,113 College Main,College Station,TX,77840,US,New Category
Crr Ventures Llc,          ,,,,Beat The Heat Shaved Ice,117 Ridge Cv,College Station,TX,77845,US,New Category
"Koppe Bridge Bar & Grill, Inc.",(979) 764-2933,,,,Koppe Bridge Bar & Grill Inc,11777 Fm 2154 Rd,College Station,TX,77845,US,New Category
"The Fat Burger, Inc.",          ,,,,Fatburger Grill,11907 Fm 2154 Rd,College Station,TX,77845,US,New Category
Darden Sw Llc,          ,,,,Red Lobster #6336,1200 University Dr E,College Station,TX,77840,US,New Category
"Razi Hotels, L.P.",(979) 690-1012,,,,Holiday Inn Express Inn & Suites,1203 University Dr E,College Station,TX,77840,US,New Category
"Deli Management, Inc.",(409) 838-1976,,,,Jason'S Deli - College Station,1206A Texas Ave S,College Station,TX,77840,US,New Category
"University Food Services, Inc.",          ,,,,University Food Services - Tamu,1248 Tamu,College Station,TX,77843,US,New Category
Brian Konecny And Mark Russell,          ,,,,The Beer Joint,12550 State Highway 30,College Station,TX,77845,US,New Category
Polly A Martinez,          ,,,,Mi Cocina Iii,12675 Fm 2154 Rd,College Station,TX,77845,US,New Category
"S.D.I. - Wellborn Restaurant, L.L.C.",(979) 694-5336,,,,Sonic Drive-In Of Wellborn,12727 Fm 2154 Rd,College Station,TX,77845,US,New Category
Caesars 1389-13 Llc,(281) 501-8507,,,,Little Caesars Pizza 1389-13,12727 Fm 2154 Rd,College Station,TX,77845,US,New Category
"1981 H3, Llc",(979) 229-8197,,,,Kona Ice Of Bryan/College Station,12793 State Highway 30 Ste 1,College Station,TX,77845,US,New Category
"Potato Expressions, Llc",          ,,,,Potato Shack Plus,12815 Fm 2154 Rd,College Station,TX,77845,US,New Category
Pech Sorphorn,          ,,,,Top Donuts #3,12815 Fm 2154 Rd,College Station,TX,77845,US,New Category
"Cjr Lucky, Inc.",          ,,,,Chicken Express,12875 Fm 2154 Rd,College Station,TX,77845,US,New Category
Heart Of Texas Pizza Lp,          ,,,,Texas A & M Univ Concessions,129 Wellborn Rd,College Station,TX,77843,US,New Category
"Gvm Tps College Station, Llc",(979) 260-8500,,,,Towneplace Suites Bryan College Station,1300 University Dr E,College Station,TX,77840,US,New Category
"M.A.G. Systems, Inc.",          ,,,,Layne'S Of College Station,1301 Wellborn Rd,College Station,TX,77840,US,New Category
"Sodexomagic, Llc",          ,,,,Shell College Stn,1313 Research Pkwy,College Station,TX,77845,US,New Category
Alan Lee Hasvold,(936) 577-0834,,,,Copper Cup Catering Co,133 Rolling Rdg,College Station,TX,77845,US,New Category
"Panda Express, Inc.",          ,,,,Panda Express #961,1400 Texas Ave S,College Station,TX,77840,US,New Category
"Zeta Tau Alpha Fraternity, Theta Gamma Chapter",          ,,,,Theta Gamma Of Zeta Tau Alpha Fraternity,1403 Athens Dr,College Station,TX,77840,US,New Category
Thea Prak,          ,,,,Donald'S Donut,1403 Harvey Rd,College Station,TX,77840,US,New Category
Cynthia S Mcmichen,          ,,,,Sweet Spirit Concessions,1405 Bayou Woods Dr,College Station,TX,77840,US,New Category
"Rolling Dough, Ltd.",          ,,,,Panera Bread Bakery-Cafe,1407 University Dr E,College Station,TX,77840,US,New Category
"P & K Investments, Llc",(979) 693-1702,,,,Cold Stone Creamery #20687,1408 Texas Ave S # 11,College Station,TX,77840,US,New Category
"Ddbv, Ltd.",(210) 693-0640,,,,Doubledave'S Pizzaworks,1410 Texas Ave S,College Station,TX,77840,US,New Category
Jarred D Faltysek,          ,,,,Harold'S,1411 Wellborn Rd Ste 200,College Station,TX,77840,US,New Category
Outlaw Jack'S Brew N Chew Llc,(832) 894-8048,,,,Outlaw Jack'S Brew N Chew Llc,14895 Fm 2154 Rd,College Station,TX,77845,US,New Category
Darrell Lynn Ambler Jr,(970) 204-4150,,,,D'S Backwoods Bbq,14915 Live Oak St,College Station,TX,77845,US,New Category
College Chefs Llc,(217) 531-1190,,,,College Chefs Llc,1500 Athens Dr,College Station,TX,77840,US,New Category
"Cec Entertainment, Inc.",          ,,,,Chuck E Cheese # 577,1500 College Rd,College Station,TX,77840,US,New Category
Casa Hospitality Corp.,          ,,,,Casa Ole No 22,1500 Harbey Rd,College Station,TX,77840,US,New Category
Li Zhang,          ,,,,Manchu Wok Restauraunt,1500 Harvey Rd,College Station,TX,77840,US,New Category
"Quality Mexican Restaurants, Inc.",          ,,,,Casa Ole Restaurant #22,1500 Harvey Rd Ste 3026,College Station,TX,77840,US,New Category
"Taste Of The Tropics, Inc.",          ,,,,Taste Of Tropics Inc,1500 Harvey Rd Ste 4019,College Station,TX,77840,US,New Category
"Fire Roasted, Llc",(979) 739-4456,,,,"Fire Roasted, Llc",1500 Harvey Rd Ste 4024,College Station,TX,77840,US,New Category
"College Station Pizza, Inc.",          ,,,,Roman Delight Pizza,1500 Harvey Rd Ste 4030,College Station,TX,77840,US,New Category
"Raising Canes Restaurants, Llc",          ,,,,Raising Cane'S #109,1500 Harvey Rd Ste 4034,College Station,TX,77840,US,New Category
"Taralli Enterprises, Llc",(512) 762-4687,,,,Auntie Annes Soft Pretzels,1500 Harvey Rd Ste K12,College Station,TX,77840,US,New Category
"B. And T. Watters, Inc.",          ,,,,Auntie Anne'S Pretzels,1500 Harvey Rd Ste K12,College Station,TX,77840,US,New Category
Xi Kappa Of Chi Omega House Corp.,          ,,,,Xi Kappa Of Chi Omega House Corp.,1501 Athens Dr,College Station,TX,77840,US,New Category
Starbucks Corporation,          ,,,,Starbucks Coffee #9931,1501 University Dr E Ste 600,College Station,TX,77840,US,New Category
Nikketa Johnson,          ,,,,Big A'S Catering,1501 Valley View Dr Apt 5B,College Station,TX,77840,US,New Category
Epsilon Rho House Corporation Of Kappa Kappa Gamma,          ,,,,Epsilon Rho House Corporation Of Kappa Kappa Gamma,1502 Athens Dr,College Station,TX,77840,US,New Category
Pech Sorphorn,          ,,,,Top Donuts #2,1502 Holleman Dr,College Station,TX,77840,US,New Category
Delta Omega Chapter Of Kappa Alpha Theta Fraternit,          ,,,,Kappa Alpha Theta Delta Omega Chapter,1503 Athens Dr,College Station,TX,77840,US,New Category
Rakesh G Patel,          ,,,,Century Cafe,1503 Texas Ave S,College Station,TX,77840,US,New Category
"J & D Restaurant Group, Llc",(979) 693-4310,,,,Jack In The Box #683,1504 Texas Ave S,College Station,TX,77840,US,New Category
"Crackle-N-Crow, L.L.C.",          ,,,,Hullabaloo Diner,15045 Fm 2154 Rd,College Station,TX,77845,US,New Category
"Yjp, Inc.",          ,,,,Ping'S Buffet,1505 Texas Ave S Ste B,College Station,TX,77840,US,New Category
"Chipotle Mexican Grill Of Colorado, Llc",          ,,,,Chipotle Mexican Grill #1490,1505 University Dr E Ste 100,College Station,TX,77840,US,New Category
"Chipotle Texas, L.L.C.",          ,,,,Chiptole Mexican Grill,1505 University Dr E Ste 100,College Station,TX,77840,US,New Category
"Brazos Valley Subs, Llc",(713) 624-4001,,,,Firehouse Subs,1507 Texas Ave S,College Station,TX,77840,US,New Category
"Spoons Yogurt, Llc",(512) 535-4883,,,,"Spoons Yogurt, Llc",1509 Texas Ave S,College Station,TX,77840,US,New Category
Johnny Lenorris Bowman Jr,(979) 739-4355,,,,Jb Mobile Bbq & Catering,15107 Faircrest Dr,College Station,TX,77845,US,New Category
"College Station Wings, Inc.",          ,,,,Wings N' More Restaurant,1511 University Dr E,College Station,TX,77840,US,New Category
"Chuy'S Bevco, Llc",(512) 473-0300,,,,Chuy'S,1512 Harvey Rd,College Station,TX,77840,US,New Category
"Chuy'S Opco, Inc.",(979) 329-6022,,,,Chuy'S College Station,1512 Harvey Rd,College Station,TX,77840,US,New Category
"Muldoon'S Coffee House, L.L.C.",          ,,,,Muldoon'S Coffee House,1517 Texas Ave S,College Station,TX,77840,US,New Category
"Chicago Pizza Hospitality Holding, Inc.",          ,,,,Bj'S Restaurant & Brewhouse,1520 Harvey Rd,College Station,TX,77840,US,New Category
"Chicago Pizza & Brewery, L.P.",          ,,,,Bj'S Restaurant & Brewhouse,1520 Harvey Rd,College Station,TX,77840,US,New Category
"Los Cucos Mexican Cafe V, Inc.",          ,,,,Los Cucos Mexican Cafe,1521 Texas Ave S,College Station,TX,77840,US,New Category
Texas Roadhouse Holdings Llc,          ,,,,Texas Roadhouse,1601 University Dr E,College Station,TX,77840,US,New Category
"Roadhouse Enterprises, Inc.",(979) 268-0558,,,,Texas Roadhouse,1601 University Dr E,College Station,TX,77840,US,New Category
"University Food Services, Inc.",          ,,,,University Club - Kyle Field,161 Wellborn Rd,College Station,TX,77843,US,New Category
"Maroon City Partners Ii, Ltd.",          ,,,,Fish Daddy'S College Station,1611 University Dr E,College Station,TX,77840,US,New Category
"Ab Dining-College Station, Llc",          ,,,,Newk'S Express Cafe,1613 University Dr E,College Station,TX,77840,US,New Category
"P.O.E.T.S. Billiards, Inc.",          ,,,,P O E T S Billiards,1637 Texas Ave S,College Station,TX,77840,US,New Category
Andrea Merritt,          ,,,,Ivs International Vegetarian Soulfood,16466 Riva Ridge Rd,College Station,TX,77845,US,New Category
7F Lodge L.L.C.,(979) 690-0073,,,,7F Lodge,16611 Royder Rd,College Station,TX,77845,US,New Category
Taylor Braedon Corp.,          ,,,,Must Be Heaven,1700 Rock Prairie Rd,College Station,TX,77845,US,New Category
"G Deli, Lp",          ,,,,"G Deli, Lp",1700 University Dr E,College Station,TX,77840,US,New Category
"Maroon City Partners, Ltd.",          ,,,,Cheddar'S College Station,1701 University Dr E,College Station,TX,77840,US,New Category
"Sweet Eugene'S, Inc.",          ,,,,Sweet Eugene'S,1702 George Bush Dr E # 100,College Station,TX,77840,US,New Category
China Go Go Llc,          ,,,,Joy Luck Chinese And Sushi,1702 George Bush Dr E Ste 101B,College Station,TX,77840,US,New Category
"Cafe Venture, Company",          ,,,,Fuddrucker'S,1704 George Bush Dr,College Station,TX,77840,US,New Category
"J & J Asian Bistro, Inc.",          ,,,,"J & J Asian Bistro, Inc.",1706 Rock Prairie Rd,College Station,TX,77845,US,New Category
"Yzzuf, Llc",(940) 367-6687,,,,Fuzzy'S Taco Shop,1712 Southwest Pkwy Ste 100,College Station,TX,77840,US,New Category
"Evergreen Interest, Ltd.",          ,,,,Shipley Donuts,1716 S W Parkway,College Station,TX,77840,US,New Category
Jerald Eugene Huggins,          ,,,,Aggieland Fsu,1719 Texas Ave S,College Station,TX,77840,US,New Category
"Cen-Tex Subway, Inc.",          ,,,,Subway,1722 Rock Prairie Rd,College Station,TX,77845,US,New Category
"Souper Salad, Inc.",          ,,,,Souper Salad Inc,1727 Texas Ave S,College Station,TX,77840,US,New Category
"Wfk Restaurant Group, Llc",          ,,,,Napa Flats,1727 Texas Ave S,College Station,TX,77840,US,New Category
"Napa Flats Cs Beverages, Llc",          ,,,,Napa Flats,1727 Texas Ave S Ste 34,College Station,TX,77840,US,New Category
Dewayne L Sparks,          ,,,,Home Run Vending,17333 State Highway 6 S,College Station,TX,77845,US,New Category
Pech Sorphorn,          ,,,,Top Donuts #1,1734 Rock Prairie Rd,College Station,TX,77845,US,New Category
"Hpv-Ix, Lp",          ,,,,Papa John'S Pizza #462,1740 Rock Prairie Rd,College Station,TX,77845,US,New Category
Whataburger Restaurants Llc,          ,,,,Whataburger #808,1745 Rock Prairie Rd,College Station,TX,77845,US,New Category
"Mcdonald'S Restaurants Of Texas, Inc.",          ,,,,Mcdonald'S #4606,1750 Rock Prairie Rd,College Station,TX,77845,US,New Category
"Sybra, Llc",          ,,,,Arby'S 1583,1800 Southwest Pkwy,College Station,TX,77840,US,New Category
"Lair Ventures, Llc",          ,,,,Harvey Washbangers,1802 Texas Ave S,College Station,TX,77840,US,New Category
Texan Ventures Llc,(512) 925-6909,,,,Texan Ventures Llc,1804 Shadowwood Dr,College Station,TX,77840,US,New Category
Central Texas Food Service Llc,(512) 656-4159,,,,Lew'S Bbq,1804 Shadowwood Dr,College Station,TX,77840,US,New Category
"La Soledad Food Services, Inc.",          ,,,,La Soledad Food Services Inc,1804 Welsh Ave,College Station,TX,77840,US,New Category
Samel L.L.C.,          ,,,,1541 Pastries & Coffee,1808 Brothers Blvd Ste H,College Station,TX,77845,US,New Category
"Wz Entertainment, L.L.C.",          ,,,,Naked Fish Sushi & Grill,1808 Texas Ave S Ste 200,College Station,TX,77840,US,New Category
Carolyn J Waldon,          ,,,,Chill Out Snow Cones,1808A Texas Ave S,College Station,TX,77840,US,New Category
"Cen-Tex Subway, Inc.",          ,,,,Subway,1815 Brothers Blvd,College Station,TX,77845,US,New Category
Michael Edward Smith,(979) 575-2733,,,,Brouhaha,1826 Shadowwood Dr,College Station,TX,77840,US,New Category
Sushiman Inc.,(979) 693-2375,,,,Sushiman Inc.,1900 Texas Ave S,College Station,TX,77840,US,New Category
Thai Binh Corporation,(979) 696-1250,,,,Pho John'S,1901 Texas Ave S Ste B2,College Station,TX,77840,US,New Category
"First-In-Line, Inc.",          ,,,,Ci Ci'S Pizza,1905 Texas Ave S,College Station,TX,77840,US,New Category
"Mainstream Establishments, Inc.",(979) 696-5464,,,,Smoothie King #163,1908 Texas Ave S,College Station,TX,77840,US,New Category
Starbucks Corporation,          ,,,,Starbucks Coffee # 6668,1929 Texas Ave S,College Station,TX,77840,US,New Category
Sodexo Services Of Texas Limited Partnership,          ,,,,Universal Computer System,200 Quality Cir,College Station,TX,77845,US,New Category
"Compass One, Llc",          ,,,,Compass One Llc #21952 Reynolds Cs Ocs,200 Quality Cir,College Station,TX,77845,US,New Category
"Compass One, Llc",          ,,,,"Compass One, Llc #21744 Reynolds Stn",200 Quality Cir,College Station,TX,77845,US,New Category
"Apple Texas Restaurants, Inc.",(972) 644-9494,,,,Applebee'S Neighborhood Bar & Grill,200 Texas Ave S,College Station,TX,77840,US,New Category
"Synergy Restaurant Management, L.L.C.",          ,,,,Applebee'S Neighborhood Grill & Bar,200 Texas Ave S,College Station,TX,77840,US,New Category
"Bushwood Investments, Llc",          ,,,,Johnny John'S #1227,200 University Dr E,College Station,TX,77840,US,New Category
Tony Nguyen,          ,,,,Rosie'S Pho,2001 Texas Ave S Ste 300,College Station,TX,77840,US,New Category
"Bushwood Investments, Llc",          ,,,,Jimmy John'S #616,2002 Texas Ave S Ste 100,College Station,TX,77840,US,New Category
Adaput Llc,(979) 694-5300,,,,The Pita Pit,2008 Texas Ave S,College Station,TX,77840,US,New Category
"Logans On Campus, L.P.",          ,,,,Logan'S On Campus,201 College Main,College Station,TX,77840,US,New Category
"Dcf Blue Baker, Llc",          ,,,,Blue Baker,201 Dominik Dr,College Station,TX,77840,US,New Category
"Rai Beverages, Llc",          ,,,,Black-Eyed Pea,201 E University,College Station,TX,77840,US,New Category
"Vostok, Llc",(979) 690-9442,,,,Bahama Buck'S #1236,201 Holleman Dr E,College Station,TX,77840,US,New Category
Chun He Wang,          ,,,,Great Wall,201 University Dr E,College Station,TX,77840,US,New Category
"Sidi, Inc.",(979) 694-7850,,,,Marble Slab Creamery # 798,2010 Texas Ave S,College Station,TX,77840,US,New Category
"Emerald Foods, Inc.",          ,,,,Wendys Old Fashioned Hamburgers Store #37,202 Southwest Pkwy E,College Station,TX,77840,US,New Category
"Haza Foods, Llc.",          ,,,,Wendy'S #27,202 Southwest Pkwy E,College Station,TX,77840,US,New Category
"Cen-Tex Subway, Inc.",          ,,,,Subway,2048 Holleman Dr W,College Station,TX,77840,US,New Category
"Haza Foods, Llc.",          ,,,,Wendy'S #34,2050 Holleman Dr W,College Station,TX,77840,US,New Category
"Tavistock Freebirds, Llc",(979) 695-8427,,,,Freebirds World Burrito,2050 Texas Ave S Ste C,College Station,TX,77840,US,New Category
"Freebirds Beverage, Llc",          ,,,,Freebirds World Burrito,2050C Texas Ave S,College Station,TX,77840,US,New Category
"Emerald Foods, Inc.",          ,,,,Wendy'S Old Fashion Hamburgers # 39,2052 Holleman Dr W,College Station,TX,77840,US,New Category
The Aquarium On Northgate Inc.,          ,,,,The Ranch On Northgate,209 University Dr E,College Station,TX,77840,US,New Category
"Schotzi'S, Ltd.",(979) 777-6646,,,,Schotzi'S,209 University Dr W Ste A,College Station,TX,77840,US,New Category
"Outback Beverages Of Texas, Llc",          ,,,,Outback Steakhouse,2102 Texas Ave S,College Station,TX,77840,US,New Category
"Outback Steakhouse Of Florida, Llc",          ,,,,Outback Steakhouse College Station #4418,2102 Texas Ave S,College Station,TX,77840,US,New Category
"Premier Hospitality, Inc.",          ,,,,Sourcenet,211 Quality Cir,College Station,TX,77845,US,New Category
"G Deli, Lp",          ,,,,"G Deli, Lp",211 Quality Cir,College Station,TX,77845,US,New Category
Tiger Club,(409) 690-2480,,,,Tiger Club,2118 Welsh Ave,College Station,TX,77840,US,New Category
"Wobbly Monkey, Llc",          ,,,,"Wobbly Monkey, Llc",215 University Dr,College Station,TX,77840,US,New Category
Eliza Marie Gonzalez,          ,,,,Club Karma,2206 Texas Ave S,College Station,TX,77840,US,New Category
Schlotzsky'S Stores Llc,          ,,,,Schlotzsky'S Deli,2210 Harvey Mitchell Pkwy S,College Station,TX,77845,US,New Category
"Simone-Jones, Llc",          ,,,,Dickey'S Barbecue,2297 Earl Rudder Fwy S,College Station,TX,77845,US,New Category
Tinwoods Inc.,(979) 695-9464,,,,Comfort Suites College Station,2313 Texas Ave S,College Station,TX,77840,US,New Category
"Smith Dairy Queens, Ltd.",          ,,,,Dairy Queen,2322 Texas Ave S,College Station,TX,77840,US,New Category
G6 Hospitality Property Llc,(979) 696-3379,,,,Motel 6 #362,2327 Texas Ave S,College Station,TX,77840,US,New Category
"Alfonso Enterprises, L.C.",          ,,,,Smoothie King # 527,233 Houston St,College Station,TX,77843,US,New Category
Zheng Restaurant Inc,(979) 694-7959,,,,China King Buffet,2402 Texas Ave S Ste D,College Station,TX,77840,US,New Category
"Mr. Chinese Burger, Inc.",(412) 294-6972,,,,"Mr. Chinese Burger, Inc.",2405 Carnation Ct,College Station,TX,77840,US,New Category
"Nnnn Enterprises, Inc.",          ,,,,King Dollar #12,2408D Texas Ave S,College Station,TX,77840,US,New Category
Vhiya Resturant Management Inc,(972) 315-9743,,,,Taz Indian Cuisine,2416 Texas Ave S,College Station,TX,77840,US,New Category
"Cen-Tex Subway, Inc.",          ,,,,Subway,2418 Texas Ave S Ste D,College Station,TX,77840,US,New Category
"Mcdonald'S Restaurants Of Texas, Inc.",          ,,,,Mcdonald'S #4586,2420 Texas Ave S,College Station,TX,77840,US,New Category
"Liberty Hotel Management, L.P.",          ,,,,Holiday Inn & Suites Aggieland,2500 Earl Rudder Fwy S,College Station,TX,77840,US,New Category
"Dewitt Hospitality, Inc.",          ,,,,Kentucky Fried Chicken,2501 Texas Ave,College Station,TX,77840,US,New Category
"Trapani'S Little Caesars, Inc.",          ,,,,Trapani'S Little Caesars Inc,2501 Texas Ave S,College Station,TX,77840,US,New Category
Js Connection Llc,(979) 574-6419,,,,Ohana Korean Grill,2501 Texas Ave S Ste 102D,College Station,TX,77840,US,New Category
"B V K R, Inc.",          ,,,,Kettle Restaurant #138,2502 Texas Ave S,College Station,TX,77840,US,New Category
Cindy L Kuykendall,(979) 450-0801,,,,Bella Cancello,2511 Raintree Dr,College Station,TX,77845,US,New Category
"Ovivi, Inc.",          ,,,,Days Inn,2514 Texas Ave S,College Station,TX,77840,US,New Category
Well Watered Garden Llc,          ,,,,40 Tempura,2551 Texas Ave S Ste D,College Station,TX,77840,US,New Category
Sal Garza,          ,,,,Garpez Restaurant,2601 Harvey Rd,College Station,TX,77845,US,New Category
Gator Hut Llc,          ,,,,Gator Hut Llc,2701 Longmire Dr Apt 1209,College Station,TX,77845,US,New Category
"Hunan Garden, Inc.",          ,,,,Taset Of China,2702 Texas Ave S,College Station,TX,77840,US,New Category
"Silver Chopsticks, Inc.",          ,,,,Taste Of China,2702 Texas Ave S,College Station,TX,77840,US,New Category
Aggie Mom Express Llp,          ,,,,Aggie Mom Express,2704 Texas Ave S Ste 4,College Station,TX,77840,US,New Category
"Panda Express, Inc.",          ,,,,Panda Express #2108,275 Joe Routt Blvd Ste L319,College Station,TX,77843,US,New Category
"College Station Church'S, Inc.",          ,,,,Church'S Chicken,2800 Texas Ave S,College Station,TX,77845,US,New Category
Sonic Drive-In College Station #2,          ,,,,Sonic Drive #2,2900 Texas Ave S,College Station,TX,77845,US,New Category
"301 Church Avenue, L.P.",(979) 268-9000,,,,Tradition At Northgate & Edge Cafe,301 Church St Ave,College Station,TX,77840,US,New Category
Shp-The Callaway House L.P.,          ,,,,Shp - The Callaway House Lp,301 George Bush Dr W,College Station,TX,77840,US,New Category
"Mandango, Inc.",          ,,,,Rebel Draft House,301A College Main,College Station,TX,77840,US,New Category
"Hellfire Brewing, Llc",          ,,,,The Blackwater Draw Brewing Company,303 Boyett St,College Station,TX,77840,US,New Category
Grabowski Llc,          ,,,,Cedar Lane,303 College Main,College Station,TX,77840,US,New Category
"Patricia In Northgate, Llc",          ,,,,Fitzwilly'S,303 University Dr,College Station,TX,77840,US,New Category
"Dnc, Inc.",          ,,,,The Backyard On Northgate,303 University Dr,College Station,TX,77840,US,New Category
"Dry Bean Saloon, Inc.",(409) 846-2332,,,,Dry Bean Saloon,305 University Dr,College Station,TX,77840,US,New Category
"Cedar Forks Trading Co., Inc.",(409) 846-2332,,,,Dixie Chicken,307 University Dr,College Station,TX,77840,US,New Category
"Austaco, Ltd.",(512) 327-4654,,,,Taco Bell #1962,310 Harvey Rd,College Station,TX,77840,US,New Category
"Mac Pizza Management, Inc.",          ,,,,Domino'S Pizza #6582,3104 Texas Ave S,College Station,TX,77845,US,New Category
"Mac Pizza Management, Inc.",          ,,,,Domino'S Pizza,3106 Texas Ave S,College Station,TX,77845,US,New Category
Travis A Shaffer Et Al,          ,,,,Daily Ruckus,311 Church Ave,College Station,TX,77840,US,New Category
Miketianying Llc,(979) 422-9966,,,,Joy Luck Fusion,311 Church Ave,College Station,TX,77840,US,New Category
"Chsn, Llc",(979) 777-9626,,,,"Chsn, Llc",311 Dominik Dr,College Station,TX,77840,US,New Category
"Duddleys Draw, Inc.",          ,,,,Duddleys Draw Inc,311 University Dr,College Station,TX,77840,US,New Category
"Kolkhorst Foods, Llc",          ,,,,Burger King,3129 Texas Ave S,College Station,TX,77845,US,New Category
"Little Skyneck, Inc.",          ,,,,Hurricane Harry'S,313 S College Avenue,College Station,TX,77840,US,New Category
Barbara Ann Manson Pr,(512) 963-2775,,,,Estate Of Maryan Manson,314 Pershing Ave,College Station,TX,77840,US,New Category
Sandra Yanira Escobar,(979) 693-4524,,,,Centro American Restaurant & Pupuseria,317 Dominick Dr,College Station,TX,77840,US,New Category
"Slambango, Inc.",          ,,,,Mad Hatters,317 University Dr,College Station,TX,77840,US,New Category
"Tavistock Freebirds, Llc",(979) 695-8427,,,,Freebirds World Burrito,319 University Dr,College Station,TX,77840,US,New Category
"W2007 Eqi College Station Partnership, L.P.",(979) 846-0184,,,,Hampton Inn College Station,320 Texas Ave S,College Station,TX,77840,US,New Category
"Brazos Valley Wings, Inc.",          ,,,,Wings 'N More,3230 Texas Ave S,College Station,TX,77845,US,New Category
"Sterling Golf, Inc.",          ,,,,The Campus Course At Texas A&M University,3250 Tamu,College Station,TX,77843,US,New Category
"Ltl Food Services, Inc.",          ,,,,Coco Loco At A&M,326 George Bush Dr,College Station,TX,77840,US,New Category
"Sweeping Horse, Llc",          ,,,,Basil Whippett'S/Apothecary,329 University Dr,College Station,TX,77840,US,New Category
"Cen-Tex Subway, Inc.",          ,,,,Subway,330 George Bush Dr,College Station,TX,77840,US,New Category
"Ddbv, Ltd.",          ,,,,Doubledave'S Pizzaworks,3505 Longmire Dr Ste A,College Station,TX,77845,US,New Category
"J & D Restaurant Group, Llc",(979) 695-2993,,,,Jack In The Box #3825,3511 Longmire Dr,College Station,TX,77845,US,New Category
Guo & Jin Inc.,(979) 696-3660,,,,T Jin China Diner,3515 Longmire Dr Ste A,College Station,TX,77845,US,New Category
"Freebirds Beverage, Llc",(979) 695-8427,,,,Freebirds World Burrito,3525 Longmire Dr Ste 300,College Station,TX,77845,US,New Category
"Cotton Patch Cafe, Inc.",          ,,,,Cotton Patch Cafe,3525 Longmire Dr Ste A,College Station,TX,77845,US,New Category
"Tavistock Freebirds, Llc",(979) 485-8849,,,,Freebirds World Burrito,3525 Longmire Dr Ste D,College Station,TX,77845,US,New Category
"Chef Tai, Inc.",(979) 575-4207,,,,"Chef Tai, Inc.",3707 Marielene Cir,College Station,TX,77845,US,New Category
Heart Of Texas Pizza Lp,          ,,,,Pizza Hut,3800 Highway 6 S Ste 206,College Station,TX,77845,US,New Category
"College Station Tenant, Llc",(979) 695-8111,,,,Courtyard By Marriott,3939 State Highway 6 S,College Station,TX,77845,US,New Category
"University Bar, Inc.",          ,,,,University Bar Inc,3939 State Highway 6 S,College Station,TX,77845,US,New Category
"Koppe Bridge Bar & Grill, Inc.",          ,,,,Koppe Bridge Bar & Grill Inc,3940 Harvey Rd,College Station,TX,77845,US,New Category
"Marina Grande, Llc",          ,,,,Luigi'S,3975 State Highway 6 S,College Station,TX,77845,US,New Category
Kerry L Giese,          ,,,,Honeybaked Ham,3975 State Highway 6 S Ste 1400,College Station,TX,77845,US,New Category
Peachblossom Island Group Corp.,(832) 622-3841,,,,Azure Fusion Bistro & Sake,3975 State Highway 6 S Ste 300,College Station,TX,77845,US,New Category
"Aggie-Faz, Ltd.",          ,,,,Fazoli'S,400 Harvey Rd,College Station,TX,77840,US,New Category
"University Food Services, Inc.",          ,,,,The University Club,401 Joe Routt Blvd,College Station,TX,77843,US,New Category
"S.D.I. - Texas & Cooner, L.L.C.",(936) 291-7574,,,,Sonic Drive Inn,401 Texas Ave S,College Station,TX,77840,US,New Category
"Corner Bar, L.L.C.",          ,,,,The Corner,401 University Dr,College Station,TX,77840,US,New Category
Adaput Llc,(979) 260-5084,,,,The Pita Pit,403 University Dr,College Station,TX,77840,US,New Category
Chef Cao'S Chinese Restaurant Inc.,          ,,,,Chef Cao'S Chinese Restaurant Inc,404 East University #Z,College Station,TX,77840,US,New Category
"Whatta Food & Beverage Company, Inc.",          ,,,,Cenare Italian Restaurant,404 University Dr E,College Station,TX,77840,US,New Category
"Whatta Food & Beverage Company, Inc.",          ,,,,Mr G'S Pizzeria - College Station,404 University Dr E Ste Y,College Station,TX,77840,US,New Category
"Potato Shack, Llc",          ,,,,"Potato Shack, Llc",405A University Dr,College Station,TX,77840,US,New Category
"Blue Dolphin Club, Inc.",(979) 000-0000,,,,Silk Stocking Lounge,4075 State Highway 6 S,College Station,TX,77845,US,New Category
Starbucks Corporation,          ,,,,Starbucks Coffee #10701,409 University Dr,College Station,TX,77840,US,New Category
"Mac Pizza Management, Inc.",          ,,,,Domino'S Pizza #30,409A University Dr,College Station,TX,77840,US,New Category
"Potbelly Sandwich Works, Llc",          ,,,,Potbelly Sandwich Works,409B University Dr,College Station,TX,77840,US,New Category
Luis Eloy Becerra,          ,,,,Luis E Becerra,4105 Tiffany Trl,College Station,TX,77845,US,New Category
Lisa M Perez,          ,,,,La Familia Taqueria,4152 State Highway 6 S,College Station,TX,77845,US,New Category
"C&J Barbeque Market, Inc.",          ,,,,C & J Barbeque Market Inc,4304 Harvey Rd,College Station,TX,77845,US,New Category
Larry E Beavers,(979) 690-3444,,,,Zach'S Shack,4419 Spring Branch Dr,College Station,TX,77845,US,New Category
Jerald Eugene Huggins,          ,,,,Chick-Fil-A At South College Station Fsu,4431 State Highway 6 S,College Station,TX,77845,US,New Category
Earl A Wurzbach,          ,,,,Mcdonald'S #34830,4440 State Highway 6 S,College Station,TX,77845,US,New Category
"Aggieland Pizza, Inc.",(979) 229-7007,,,,"Aggieland Pizza, Inc.",4461 State Highway 6 S Ste 200,College Station,TX,77845,US,New Category
Mu-Gamma Chapter Of Kappa Sigma Fraternity,          ,,,,Mu-Gamma Chapter Of Kappa Sigma Fraternity,4466 Raymond Stotzer Pkwy,College Station,TX,77845,US,New Category
Whataburger Restaurants Llc,          ,,,,Whataburger #1011,4471 State Highway 6 S,College Station,TX,77845,US,New Category
"Casa Rod Express, Llc",          ,,,,Casa Rodriguez Express,448 Southwest Pkwy E,College Station,TX,77840,US,New Category
Polly A Martinez,          ,,,,Mi Cocina Restaurant Iv,448 Southwest Pkwy E,College Station,TX,77840,US,New Category
"Rudy'S Texas Bar-B-Q, Llc",          ,,,,Rudy'S Texas Bar Bq,504 Harvey Rd,College Station,TX,77840,US,New Category
"505 Entertainment, Ltd.",          ,,,,The Fox & Hound,505 University Dr E Ste 309,College Station,TX,77840,US,New Category
Darden Sw Llc,          ,,,,Olive Garden #1655,510 Earl Rudder Fwy S,College Station,TX,77840,US,New Category
"S.D.I.-Harvey Road, L.L.C.",          ,,,,Sonic Drive-In Of Harvey Road,512 Harvey Rd,College Station,TX,77840,US,New Category
"Moondance, Inc.",          ,,,,Ozona Grill & Bar,520 Harvey Rd,College Station,TX,77840,US,New Category
"Moondance, Inc.",          ,,,,Ozona Grill & Bar,520 Harvey Rd,College Station,TX,77840,US,New Category
"Cen-Tex Subway, Inc.",          ,,,,Subway,601 University Dr,College Station,TX,77840,US,New Category
"Hpv-Viii, Lp",          ,,,,Papa John'S Pizza # 434,601 University Dr,College Station,TX,77840,US,New Category
The Remnant From Nawlins,(979) 694-2539,,,,The Remnant Of Nawlins Cajun & Country Cafe,604 Holleman Dr,College Station,TX,77840,US,New Category
Lq Management L.L.C.,(979) 696-7777,,,,La Quinta Inn #539,607 Texas Ave S,College Station,TX,77840,US,New Category
"Denco Of Texas, Inc.",          ,,,,Denny'S #7631,607 Texas Ave S,College Station,TX,77840,US,New Category
Ricardian Capital Llc,(817) 412-1044,,,,Red Mango,614 Holleman Dr E Ste 2500,College Station,TX,77840,US,New Category
Sik Texas License Corp.,(512) 263-0800,,,,Carino'S Italian Grill,620 Harvey Rd,College Station,TX,77840,US,New Category
"Carino'S Italian Kitchen, Inc.",          ,,,,Johnny Carino'S Country Italian,620 Harvey Rd,College Station,TX,77840,US,New Category
Bethalyn J Donovan,          ,,,,Donovan Catering,6220 Raymond Stotzer Pkwy,College Station,TX,77845,US,New Category
"Freebirds Beverage, Llc",          ,,,,Freebirds World Burrito,700 Earl Rudder Fwy S,College Station,TX,77840,US,New Category
"Tavistock Freebirds, Llc",(979) 260-9086,,,,Freebirds World Burrito,700 Earl Rudder Fwy S,College Station,TX,77840,US,New Category
Golden Corral Corporation,          ,,,,Golden Corral Family Steak House #540,700 University Dr E,College Station,TX,77840,US,New Category
"Mongolian Management, Llc",          ,,,,Genghis Grill,700 University Dr E # 202,College Station,TX,77840,US,New Category
Supreme Wings Inc.,(979) 846-9464,,,,Supreme Wings Inc.,700 University Dr E Ste B201,College Station,TX,77840,US,New Category
"Alimentum Enterprises, Llc",          ,,,,Mickeys Sliders,700 University Dr E Ste C,College Station,TX,77840,US,New Category
"Cabana Beverages, Inc.",          ,,,,Cabana Beverages Inc,701 S Texas Ave,College Station,TX,77840,US,New Category
"Texas Taco Cabana, L.P.",          ,,,,Taco Cabana #311,701 Texas Ave S,College Station,TX,77840,US,New Category
"Barkman, Inc.",          ,,,,The Republic,701 University Dr E Ste 406,College Station,TX,77840,US,New Category
"Food Friendz Of College Station, Llc",          ,,,,822-Food,707 Texas Ave S Ste 218D,College Station,TX,77840,US,New Category
Otb Acquisition Llc,(979) 695-2492,,,,On The Border,709 Texas Ave S,College Station,TX,77840,US,New Category
"Cjr Lucky, Inc.",          ,,,,Chicken Express,710 Earl Rudder Fwy S,College Station,TX,77840,US,New Category
"Rosa'S Cafes, Inc.",          ,,,,Rosa'S Cafe & Tortilla Factory #26,710 University Dr E,College Station,TX,77840,US,New Category
"Rosa'S Cafe & Tortilla Factory, Ltd.",          ,,,,Rosa'S Cafe & Tortilla Factory #26,710 University Dr E,College Station,TX,77840,US,New Category
"Pnovo-Gw, Llc",(713) 828-3502,,,,Great Wraps,717 University Dr,College Station,TX,77840,US,New Category
"University Hospitality, L.L.C.",(979) 268-2200,,,,Residence Inn By Marriott,720 University Dr E,College Station,TX,77840,US,New Category
Barbara S Hebert,          ,,,,Heberts Cajun Food,727 University Dr,College Station,TX,77840,US,New Category
"Java Jitters, Inc.",          ,,,,Java Jitters Inc,729 University Dr,College Station,TX,77840,US,New Category
"Austaco, Ltd.",          ,,,,Taco Bell #016669,731 University Dr,College Station,TX,77840,US,New Category
"Dcf Blue Baker, Llc",          ,,,,Blue Baker,800 University Dr E # 100,College Station,TX,77840,US,New Category
Atami Group Corporation,          ,,,,Atami Steak & Shushi,800 University Dr E # 200,College Station,TX,77840,US,New Category
2-Groves Llc,          ,,,,Boneheads,800 University Dr E Ste 100,College Station,TX,77840,US,New Category
Eh College Station Lp,          ,,,,Hilton College Station And Conference Center,801 University Dr E,College Station,TX,77840,US,New Category
"Sage Restaurant Manager Texas, Llc",          ,,,,Sage Restaurant Manager Texas Llc,801 University Dr E,College Station,TX,77840,US,New Category
"Mcdonald'S Restaurants Of Texas, Inc.",          ,,,,Mcdonald'S #4584,801 University Dr W,College Station,TX,77840,US,New Category
"Cen-Tex Subway, Inc.",          ,,,,Subway,806 Earl Rudder Fwy S,College Station,TX,77840,US,New Category
"Texas Avenue Tex Mex, L.P.",(713) 861-7985,,,,Lupe Tortilla Mexican Restaurant,813 Texas Ave S,College Station,TX,77840,US,New Category
"Better Management Enterprises, Inc.",          ,,,,The Tap,815 Harvey Rd,College Station,TX,77840,US,New Category
"Chipotle Texas, L.L.C.",          ,,,,Chipotle Mexican Grill 408,815 University Dr,College Station,TX,77840,US,New Category
"Chipotle Mexican Grill Of Colorado, Llc",(979) 260-2282,,,,Chipotle Mexican Grill #408,815 W University Drive,College Station,TX,77840,US,New Category
"Bpr College Station Pizza, Inc.",          ,,,,Boston'S The Gourmet Pizza,820 University Dr E,College Station,TX,77840,US,New Category
Jackson Patrick Lane,(903) 241-6296,,,,'Supcup Cupcakery,828 Nimitz St,College Station,TX,77840,US,New Category
"Veritas Wine & Bistro, Lp",          ,,,,Veritas Wine & Bistro,830 University Dr E,College Station,TX,77840,US,New Category
Abuelo'S Beverage Corporation,          ,,,,Abuelo'S Beverage Corporation,840 University Dr E,College Station,TX,77840,US,New Category
"Abuelo'S International, L.P.",          ,,,,Abuelos Mexican Food Embassy,840 University Dr E,College Station,TX,77840,US,New Category
"Du-Ra, Inc.",          ,,,,Korean Food To Go,900 Harvey Rd # 900-3A,College Station,TX,77840,US,New Category
Soon Young Lee,(979) 219-4216,,,,Korean To Go,900 Harvey Rd Ste 3A,College Station,TX,77840,US,New Category
"Alamowing College Station, L.L.C.",          ,,,,Buffalo Wild Wings,903 University Dr E,College Station,TX,77840,US,New Category
"Mugwalls, L.P.",(832) 577-7311,,,,"Mugwalls, L.P.",907 Harvey Rd Ste A,College Station,TX,77840,US,New Category
"Lunchbox Catering, Llc",(480) 789-2159,,,,Lunchbox Catering,907 Harvey Rd Ste A,College Station,TX,77840,US,New Category
College Station Lodging Partners Lp,          ,,,,Comfort Suites,907 University Dr E,College Station,TX,77840,US,New Category
"Austaco, Ltd.",          ,,,,Taco Bell #27721,911 William D Fitch Pkwy,College Station,TX,77845,US,New Category
Scott Haynes Llc,(979) 703-4465,,,,Fro Yo Yo,913 Harvey Rd,College Station,TX,77840,US,New Category
Aggieland Beverage Concepts Llc,          ,,,,Izzy'S Patio & Bar,913 Harvey Rd,College Station,TX,77840,US,New Category
"Cen-Tex Subway, Inc.",          ,,,,Subway,913C Harvey Rd,College Station,TX,77840,US,New Category
"Delfel, L.L.C.",(979) 693-3933,,,,How Do You Roll,919 Harvey Rd,College Station,TX,77840,US,New Category
"U.S. Lodging, L.P.",          ,,,,Hampton Inn & Suites,925 Ear Rudder Frwy S,College Station,TX,77840,US,New Category
"Spoons Yogurt Of College Station, Llc",(512) 535-4883,,,,"Spoons Yogurt Of College Station, Llc",943 William D Fitch Pkwy Ste 101,College Station,TX,77845,US,New Category
"D'Vine Cuisine, Llc",(979) 731-1970,,,,"D'Vine Cuisine, Llc",9432 Daisy Ln,College Station,TX,77845,US,New Category
"Brazos Hotel Partners, Ltd.",          ,,,,Homewood Suites By Hilton,950 University Dr E,College Station,TX,77840,US,New Category
Kamei Japanese Restaurants Llc,          ,,,,Kamei,951 William D Fitch Pkwy Ste 230,College Station,TX,77845,US,New Category
Chef Cao'S Chinese Restaurant Inc.,          ,,,,Chef Cao'S Chinese Restaurant,951 William D Fitch Pkwy Ste 301,College Station,TX,77845,US,New Category
"Cen-Tex Subway, Inc.",          ,,,,Subway,951 William D Fitch Pkwy Ste 801,College Station,TX,77845,US,New Category
"University Food Services, Inc.",          ,,,,University Club - Olsen Field,955 Olsen Blvd,College Station,TX,77843,US,New Category
"Alameda Juice, L.L.C.",          ,,,,Jamba Juice,980 University Dr E Ste 300,College Station,TX,77840,US,New Category
"Napa Flats, Llc",          ,,,,Grub Burger Bar,980 University Dr E Ste 400,College Station,TX,77840,US,New Category
"Pei Wei Asian Diner, Llc",(480) 888-3000,,,,Pei Wei Asian Diner #0087,980 University Dr E Ste 4A,College Station,TX,77840,US,New Category
"Pei-The-Wei, Llc",(602) 381-7470,,,,Pei Wei Asian Diner,980A University Drive East,College Station,TX,77840,US,New Category
